{
  "1-Open Pets Store" : {
    "transaction" : "1-Open Pets Store",
    "sampleCount" : 1408,
    "errorCount" : 0,
    "errorPct" : 0.0,
    "meanResTime" : 992.8551136363636,
    "medianResTime" : 951.0,
    "minResTime" : 721.0,
    "maxResTime" : 4376.0,
    "pct1ResTime" : 1200.1000000000001,
    "pct2ResTime" : 1321.7499999999998,
    "pct3ResTime" : 1964.7400000000011,
    "throughput" : 14.106237601939608,
    "receivedKBytesPerSec" : 20.002204099625306,
    "sentKBytesPerSec" : 7.02148770149979
  },
  "3-Searrch for Item" : {
    "transaction" : "3-Searrch for Item",
    "sampleCount" : 1353,
    "errorCount" : 0,
    "errorPct" : 0.0,
    "meanResTime" : 240.23059866962308,
    "medianResTime" : 212.0,
    "minResTime" : 179.0,
    "maxResTime" : 1716.0,
    "pct1ResTime" : 320.0,
    "pct2ResTime" : 361.29999999999995,
    "pct3ResTime" : 467.3000000000002,
    "throughput" : 14.113597246127368,
    "receivedKBytesPerSec" : 49.20731016598863,
    "sentKBytesPerSec" : 13.39696244393157
  },
  "03-06 Click on Item ID then Add to Cart" : {
    "transaction" : "03-06 Click on Item ID then Add to Cart",
    "sampleCount" : 52,
    "errorCount" : 0,
    "errorPct" : 0.0,
    "meanResTime" : 308.5384615384616,
    "medianResTime" : 232.0,
    "minResTime" : 0.0,
    "maxResTime" : 1556.0,
    "pct1ResTime" : 407.0,
    "pct2ResTime" : 830.5999999999937,
    "pct3ResTime" : 1556.0,
    "throughput" : 0.6637817689784143,
    "receivedKBytesPerSec" : 3.038103028185195,
    "sentKBytesPerSec" : 0.4168830738840169
  },
  "04-10 Click on Sign out" : {
    "transaction" : "04-10 Click on Sign out",
    "sampleCount" : 2,
    "errorCount" : 0,
    "errorPct" : 0.0,
    "meanResTime" : 461.0,
    "medianResTime" : 461.0,
    "minResTime" : 461.0,
    "maxResTime" : 461.0,
    "pct1ResTime" : 461.0,
    "pct2ResTime" : 461.0,
    "pct3ResTime" : 461.0,
    "throughput" : 0.8084074373484236,
    "receivedKBytesPerSec" : 4.1667719280517375,
    "sentKBytesPerSec" : 0.9970884700889248
  },
  "03-01-open URL" : {
    "transaction" : "03-01-open URL",
    "sampleCount" : 32,
    "errorCount" : 0,
    "errorPct" : 0.0,
    "meanResTime" : 888.375,
    "medianResTime" : 828.0,
    "minResTime" : 739.0,
    "maxResTime" : 1285.0,
    "pct1ResTime" : 1128.3,
    "pct2ResTime" : 1218.0499999999997,
    "pct3ResTime" : 1285.0,
    "throughput" : 0.3322466100463069,
    "receivedKBytesPerSec" : 1.6695878844197107,
    "sentKBytesPerSec" : 0.18453638619515336
  },
  "03-04- Click on Category" : {
    "transaction" : "03-04- Click on Category",
    "sampleCount" : 54,
    "errorCount" : 0,
    "errorPct" : 0.0,
    "meanResTime" : 186.3703703703704,
    "medianResTime" : 184.0,
    "minResTime" : 176.0,
    "maxResTime" : 217.0,
    "pct1ResTime" : 200.0,
    "pct2ResTime" : 209.5,
    "pct3ResTime" : 217.0,
    "throughput" : 0.6990562740300593,
    "receivedKBytesPerSec" : 2.744898264657527,
    "sentKBytesPerSec" : 0.43344624224888995
  },
  "04-05- Click on Product ID " : {
    "transaction" : "04-05- Click on Product ID ",
    "sampleCount" : 3,
    "errorCount" : 0,
    "errorPct" : 0.0,
    "meanResTime" : 136.66666666666669,
    "medianResTime" : 205.0,
    "minResTime" : 0.0,
    "maxResTime" : 205.0,
    "pct1ResTime" : 205.0,
    "pct2ResTime" : 205.0,
    "pct3ResTime" : 205.0,
    "throughput" : 0.06451612903225806,
    "receivedKBytesPerSec" : 0.1812415994623656,
    "sentKBytesPerSec" : 0.027973790322580645
  },
  "04-01-Open URL" : {
    "transaction" : "04-01-Open URL",
    "sampleCount" : 4,
    "errorCount" : 0,
    "errorPct" : 0.0,
    "meanResTime" : 850.0,
    "medianResTime" : 850.0,
    "minResTime" : 761.0,
    "maxResTime" : 939.0,
    "pct1ResTime" : 939.0,
    "pct2ResTime" : 939.0,
    "pct3ResTime" : 939.0,
    "throughput" : 0.07745333436604446,
    "receivedKBytesPerSec" : 0.4022808191658276,
    "sentKBytesPerSec" : 0.04201692113314228
  },
  "04- 08 Add the payment Details and click continue" : {
    "transaction" : "04- 08 Add the payment Details and click continue",
    "sampleCount" : 2,
    "errorCount" : 0,
    "errorPct" : 0.0,
    "meanResTime" : 210.0,
    "medianResTime" : 210.0,
    "minResTime" : 210.0,
    "maxResTime" : 210.0,
    "pct1ResTime" : 210.0,
    "pct2ResTime" : 210.0,
    "pct3ResTime" : 210.0,
    "throughput" : 0.609942055504727,
    "receivedKBytesPerSec" : 2.8114516620921015,
    "sentKBytesPerSec" : 0.7505146386093321
  },
  "04-10 Click on Sign out-1" : {
    "transaction" : "04-10 Click on Sign out-1",
    "sampleCount" : 1,
    "errorCount" : 0,
    "errorPct" : 0.0,
    "meanResTime" : 202.0,
    "medianResTime" : 202.0,
    "minResTime" : 202.0,
    "maxResTime" : 202.0,
    "pct1ResTime" : 202.0,
    "pct2ResTime" : 202.0,
    "pct3ResTime" : 202.0,
    "throughput" : 4.9504950495049505,
    "receivedKBytesPerSec" : 24.404393564356432,
    "sentKBytesPerSec" : 3.0312113242574257
  },
  "03-07 Sign off-1" : {
    "transaction" : "03-07 Sign off-1",
    "sampleCount" : 24,
    "errorCount" : 0,
    "errorPct" : 0.0,
    "meanResTime" : 281.0416666666667,
    "medianResTime" : 202.0,
    "minResTime" : 178.0,
    "maxResTime" : 473.0,
    "pct1ResTime" : 430.0,
    "pct2ResTime" : 462.5,
    "pct3ResTime" : 473.0,
    "throughput" : 0.32810641584753986,
    "receivedKBytesPerSec" : 1.6174620968734192,
    "sentKBytesPerSec" : 0.20378484421780796
  },
  "03-07 Sign off-0" : {
    "transaction" : "03-07 Sign off-0",
    "sampleCount" : 24,
    "errorCount" : 0,
    "errorPct" : 0.0,
    "meanResTime" : 242.70833333333331,
    "medianResTime" : 235.0,
    "minResTime" : 180.0,
    "maxResTime" : 338.0,
    "pct1ResTime" : 310.5,
    "pct2ResTime" : 331.5,
    "pct3ResTime" : 338.0,
    "throughput" : 0.32802569534613546,
    "receivedKBytesPerSec" : 0.07367764641563589,
    "sentKBytesPerSec" : 0.20661774755689194
  },
  "02-Search" : {
    "transaction" : "02-Search",
    "sampleCount" : 1384,
    "errorCount" : 0,
    "errorPct" : 0.0,
    "meanResTime" : 243.67991329479761,
    "medianResTime" : 211.0,
    "minResTime" : 0.0,
    "maxResTime" : 2312.0,
    "pct1ResTime" : 321.5,
    "pct2ResTime" : 364.75,
    "pct3ResTime" : 948.1500000000001,
    "throughput" : 14.215721519767454,
    "receivedKBytesPerSec" : 48.453206128604,
    "sentKBytesPerSec" : 13.19165344749222
  },
  "04-03- Add The Credentials" : {
    "transaction" : "04-03- Add The Credentials",
    "sampleCount" : 4,
    "errorCount" : 0,
    "errorPct" : 0.0,
    "meanResTime" : 651.0,
    "medianResTime" : 651.0,
    "minResTime" : 565.0,
    "maxResTime" : 737.0,
    "pct1ResTime" : 737.0,
    "pct2ResTime" : 737.0,
    "pct3ResTime" : 737.0,
    "throughput" : 0.07613681786169746,
    "receivedKBytesPerSec" : 0.40380767363953024,
    "sentKBytesPerSec" : 0.12394538610883758
  },
  "04-03- Add The Credentials-0" : {
    "transaction" : "04-03- Add The Credentials-0",
    "sampleCount" : 2,
    "errorCount" : 0,
    "errorPct" : 0.0,
    "meanResTime" : 247.0,
    "medianResTime" : 247.0,
    "minResTime" : 195.0,
    "maxResTime" : 299.0,
    "pct1ResTime" : 299.0,
    "pct2ResTime" : 299.0,
    "pct3ResTime" : 299.0,
    "throughput" : 0.04245293031351489,
    "receivedKBytesPerSec" : 0.009535326144637134,
    "sentKBytesPerSec" : 0.03992399598819809
  },
  "04-03- Add The Credentials-1" : {
    "transaction" : "04-03- Add The Credentials-1",
    "sampleCount" : 2,
    "errorCount" : 0,
    "errorPct" : 0.0,
    "meanResTime" : 403.5,
    "medianResTime" : 403.5,
    "minResTime" : 369.0,
    "maxResTime" : 438.0,
    "pct1ResTime" : 438.0,
    "pct2ResTime" : 438.0,
    "pct3ResTime" : 438.0,
    "throughput" : 0.04238904667034039,
    "receivedKBytesPerSec" : 0.21529827317621125,
    "sentKBytesPerSec" : 0.02914246958585901
  },
  "01- Open URL" : {
    "transaction" : "01- Open URL",
    "sampleCount" : 1408,
    "errorCount" : 0,
    "errorPct" : 0.0,
    "meanResTime" : 1235.8366477272723,
    "medianResTime" : 1185.0,